id,chinese_hero_name,english_hero_name,roles,recommended_lane,image_url,hero_page_url,popularity,win_rate,pick_rate,ban_rate
166,Arthur,Paladin,"Fighter, Tank",Clash Lane,https://camp.honorofkings.com/social/game/src/image_hero_head_128*128/YTBrsBIg.png,https://camp.honorofkings.com/h5/app/index.html#/hero-detail?heroId=166,B,50.11%,0.97%,0.04%
112,Luban No.7,Mecha Shooter,Marksman,Farm Lane,https://camp.honorofkings.com/social/game/src/image_hero_head_128*128/0VBMiUN5.png,https://camp.honorofkings.com/h5/app/index.html#/hero-detail?heroId=112,A,48.05%,2.00%,0.39%
105,Lian Po,Earthshaker,Tank,Clash Lane,https://camp.honorofkings.com/social/game/src/image_hero_head_128*128/csLOp1dL.png,https://camp.honorofkings.com/h5/app/index.html#/hero-detail?heroId=105,B,52.59%,1.13%,0.20%
106,Xiao Qiao,Breezeheart,Mage,Mid Lane,https://camp.honorofkings.com/social/game/src/image_hero_head_128*128/paTVVlNq.png,https://camp.honorofkings.com/h5/app/index.html#/hero-detail?heroId=106,A,47.85%,1.58%,0.27%
522,Yao,Starblade,"Fighter, Assassin",Jungling,https://camp.honorofkings.com/social/game/src/image_hero_head_128*128/xw0HrvxD.png,https://camp.honorofkings.com/h5/app/index.html#/hero-detail?heroId=522,C,52.18%,0.53%,0.04%
153,Gao Changgong,Shadowblade,Assassin,Jungling,https://camp.honorofkings.com/social/game/src/image_hero_head_128*128/hwk1ad6d.png,https://camp.honorofkings.com/h5/app/index.html#/hero-detail?heroId=153,A,50.63%,0.60%,1.47%
118,Sun Bin,Timebender,"Support, Mage",Roaming,https://camp.honorofkings.com/social/game/src/image_hero_head_128*128/1zkBQ1l1.png,https://camp.honorofkings.com/h5/app/index.html#/hero-detail?heroId=118,C,49.47%,0.33%,0.02%
107,Zilong,Fearless Spear,"Fighter, Assassin",Jungling,https://camp.honorofkings.com/social/game/src/image_hero_head_128*128/9xqbsAQC.png,https://camp.honorofkings.com/h5/app/index.html#/hero-detail?heroId=107,B,54.81%,0.99%,0.04%
125,Yango,Avici Puppeteer,Assassin,Clash Lane,https://camp.honorofkings.com/social/game/src/image_hero_head_128*128/en5o11rK.png,https://camp.honorofkings.com/h5/app/index.html#/hero-detail?heroId=125,C,49.06%,0.33%,0.05%
108,Mozi,Peacekeeper,"Mage, Fighter",Mid Lane,https://camp.honorofkings.com/social/game/src/image_hero_head_128*128/Za4OlJ6t.png,https://camp.honorofkings.com/h5/app/index.html#/hero-detail?heroId=108,A,49.83%,1.28%,1.50%
124,Zhou Yu,Inferno,Mage,Mid Lane,https://camp.honorofkings.com/social/game/src/image_hero_head_128*128/kqkpA18w.png,https://camp.honorofkings.com/h5/app/index.html#/hero-detail?heroId=124,C,50.84%,0.44%,0.02%
111,Lady Sun,Cannon Belle,Marksman,Farm Lane,https://camp.honorofkings.com/social/game/src/image_hero_head_128*128/BmY46Zgb.png,https://camp.honorofkings.com/h5/app/index.html#/hero-detail?heroId=111,A,49.10%,1.78%,0.09%
114,Liu Shan,Mecha Brat,"Support, Tank",Roaming,https://camp.honorofkings.com/social/game/src/image_hero_head_128*128/i8WMjP6d.png,https://camp.honorofkings.com/h5/app/index.html#/hero-detail?heroId=114,B,49.13%,0.77%,0.10%
109,Daji,Heartseeker,Mage,Mid Lane,https://camp.honorofkings.com/social/game/src/image_hero_head_128*128/dYxuS6IA.png,https://camp.honorofkings.com/h5/app/index.html#/hero-detail?heroId=109,S,51.00%,2.42%,2.08%
113,Zhuangzi,Dreamwanderer,"Support, Tank",Roaming,https://camp.honorofkings.com/social/game/src/image_hero_head_128*128/UZC54GWu.png,https://camp.honorofkings.com/h5/app/index.html#/hero-detail?heroId=113,B,47.95%,0.52%,1.18%
115,Gao,Fatal Lyrist,Mage,Mid Lane,https://camp.honorofkings.com/social/game/src/image_hero_head_128*128/QWFCuWNn.png,https://camp.honorofkings.com/h5/app/index.html#/hero-detail?heroId=115,C,51.63%,0.44%,0.04%
581,Flowborn (Tank),Peaceful Fist,"Tank, Fighter",Clash Lane,https://camp.honorofkings.com/camp/admin/hero/head_128-128/jbrX5mQc.jpeg,https://camp.honorofkings.com/h5/app/index.html#/hero-detail?heroId=581,C,49.38%,0.61%,0.09%
110,Garuda,Majestic Guardian,Mage,Mid Lane,https://camp.honorofkings.com/camp/admin/default/h6UHy1TN.png,https://camp.honorofkings.com/h5/app/index.html#/hero-detail?heroId=110,B,51.20%,0.75%,0.04%
116,Arke,Shadowstalker,Assassin,Jungling,https://camp.honorofkings.com/social/game/src/image_hero_head_128*128/IUMPYUy4.png,https://camp.honorofkings.com/h5/app/index.html#/hero-detail?heroId=116,B,51.90%,0.54%,0.85%
117,Wuyan,Sledgehammer,"Fighter, Tank",Clash Lane,https://camp.honorofkings.com/social/game/src/image_hero_head_128*128/D1f9UN1O.png,https://camp.honorofkings.com/h5/app/index.html#/hero-detail?heroId=117,C,51.70%,0.37%,0.03%
119,Dr Bian,Curious Mixture,Mage,Mid Lane,https://camp.honorofkings.com/social/game/src/image_hero_head_128*128/YmpeG9H2.png,https://camp.honorofkings.com/h5/app/index.html#/hero-detail?heroId=119,C,50.71%,0.50%,0.19%
120,Bai Qi,Ultimate Weapon,Tank,Clash Lane,https://camp.honorofkings.com/social/game/src/image_hero_head_128*128/uY7c38Tt.png,https://camp.honorofkings.com/h5/app/index.html#/hero-detail?heroId=120,C,51.17%,0.35%,0.04%
150,Han Xin,Windspear,Assassin,Jungling,https://camp.honorofkings.com/social/game/src/image_hero_head_128*128/QTcSGEgM.png,https://camp.honorofkings.com/h5/app/index.html#/hero-detail?heroId=150,C,47.15%,0.27%,0.03%
121,Mi Yue,Raveness,"Mage, Fighter",Clash Lane,https://camp.honorofkings.com/social/game/src/image_hero_head_128*128/eHvcCJb0.png,https://camp.honorofkings.com/h5/app/index.html#/hero-detail?heroId=121,B,49.64%,0.76%,1.02%
169,Hou Yi,Solarus,Marksman,Farm Lane,https://camp.honorofkings.com/social/game/src/image_hero_head_128*128/S5isJokI.png,https://camp.honorofkings.com/h5/app/index.html#/hero-detail?heroId=169,S,49.18%,2.42%,0.16%
123,Lu Bu,Unrivaled Warrior,"Fighter, Tank",Clash Lane,https://camp.honorofkings.com/social/game/src/image_hero_head_128*128/dXLF2kE7.png,https://camp.honorofkings.com/h5/app/index.html#/hero-detail?heroId=123,B,48.15%,1.08%,0.32%
126,Dun,Belligerence,"Tank, Fighter",Clash Lane,https://camp.honorofkings.com/social/game/src/image_hero_head_128*128/23rrkYYy.png,https://camp.honorofkings.com/h5/app/index.html#/hero-detail?heroId=126,A,52.84%,1.44%,0.57%
127,Lady Zhen,Cascada,Mage,Mid Lane,https://camp.honorofkings.com/social/game/src/image_hero_head_128*128/gqPEOybC.png,https://camp.honorofkings.com/h5/app/index.html#/hero-detail?heroId=127,B,51.29%,0.95%,0.04%
128,Fatih,Mighty Conqueror,Fighter,Clash Lane,https://camp.honorofkings.com/camp/admin/default/6IY77h7c.png,https://camp.honorofkings.com/h5/app/index.html#/hero-detail?heroId=128,C,52.72%,0.44%,0.05%
129,Dian Wei,Berserker,Fighter,Jungling,https://camp.honorofkings.com/social/game/src/image_hero_head_128*128/y6IMFSlI.png,https://camp.honorofkings.com/h5/app/index.html#/hero-detail?heroId=129,B,49.99%,0.91%,0.42%
130,Musashi,Swordmaster,"Fighter, Assassin",Jungling,https://camp.honorofkings.com/social/game/src/image_hero_head_128*128/jgvSlz3u.png,https://camp.honorofkings.com/h5/app/index.html#/hero-detail?heroId=130,B,49.07%,0.85%,0.34%
131,Li Bai,Lyricist,Assassin,Jungling,https://camp.honorofkings.com/social/game/src/image_hero_head_128*128/k3w1wjDA.png,https://camp.honorofkings.com/h5/app/index.html#/hero-detail?heroId=131,C,52.44%,0.54%,0.14%
170,Liu Bei,Pointblank,Fighter,Jungling,https://camp.honorofkings.com/social/game/src/image_hero_head_128*128/argPlTxR.png,https://camp.honorofkings.com/h5/app/index.html#/hero-detail?heroId=170,C,50.35%,0.28%,0.03%
132,Marco Polo,Gunslinger,Marksman,Farm Lane,https://camp.honorofkings.com/social/game/src/image_hero_head_128*128/48d8GxkP.png,https://camp.honorofkings.com/h5/app/index.html#/hero-detail?heroId=132,A,50.44%,1.76%,0.30%
138,Wang Wei,,Mage,Mid Lane,https://camp.honorofkings.com/camp/admin/hero/head_128-128/9ydtLpQD.png,https://camp.honorofkings.com/h5/app/index.html#/hero-detail?heroId=138,N/A,0.00%,0.00%,0.00%
558,Umbrosa,Nightplume,Fighter,Clash Lane,https://camp.honorofkings.com/camp/admin/hero/head_128-128/ioDVAbAf.jpg,https://camp.honorofkings.com/h5/app/index.html#/hero-detail?heroId=558,B,51.09%,1.15%,0.14%
133,Di Renjie,Magistrate,Marksman,Farm Lane,https://camp.honorofkings.com/social/game/src/image_hero_head_128*128/XTSDAJkR.png,https://camp.honorofkings.com/h5/app/index.html#/hero-detail?heroId=133,B,51.84%,0.89%,0.02%
134,Dharma,Martial Monk,"Fighter, Tank",Clash Lane,https://camp.honorofkings.com/social/game/src/image_hero_head_128*128/9u997w0x.png,https://camp.honorofkings.com/h5/app/index.html#/hero-detail?heroId=134,C,52.79%,0.26%,0.02%
148,Ziya,Divine Enforcer,Mage,Mid Lane,https://camp.honorofkings.com/social/game/src/image_hero_head_128*128/km2HzQ71.png,https://camp.honorofkings.com/h5/app/index.html#/hero-detail?heroId=148,C,49.91%,0.64%,0.06%
135,Xiang Yu,Unyielding Overlord,"Tank, Fighter",Clash Lane,https://camp.honorofkings.com/social/game/src/image_hero_head_128*128/FLyy9J46.png,https://camp.honorofkings.com/h5/app/index.html#/hero-detail?heroId=135,B,50.75%,0.82%,0.04%
517,Augran,Soulguide,Fighter,Jungling,https://camp.honorofkings.com/camp/admin/hero/head_128-128/ue6KY05b.png,https://camp.honorofkings.com/h5/app/index.html#/hero-detail?heroId=517,S,49.16%,1.51%,3.73%
174,Consort Yu,Woodland Ranger,Marksman,Farm Lane,https://camp.honorofkings.com/social/game/src/image_hero_head_128*128/Ku5RzFmQ.png,https://camp.honorofkings.com/h5/app/index.html#/hero-detail?heroId=174,A,51.40%,1.46%,0.23%
137,Sima Yi,Shadowreaper,"Assassin, Mage",Jungling,https://camp.honorofkings.com/social/game/src/image_hero_head_128*128/sU3BsR6P.png,https://camp.honorofkings.com/h5/app/index.html#/hero-detail?heroId=137,C,53.91%,0.56%,0.15%
139,Fuzi,Wise Sage,Fighter,Clash Lane,https://camp.honorofkings.com/social/game/src/image_hero_head_128*128/UhQkVUBi.png,https://camp.honorofkings.com/h5/app/index.html#/hero-detail?heroId=139,C,52.26%,0.46%,0.04%
162,Nakoruru,Hawk Whisperer,Assassin,Jungling,https://camp.honorofkings.com/social/game/src/image_hero_head_128*128/H9WAmWdN.png,https://camp.honorofkings.com/h5/app/index.html#/hero-detail?heroId=162,C,49.58%,0.50%,0.06%
157,Mai Shiranui,Fireninja,"Assassin, Mage",Mid Lane,https://camp.honorofkings.com/social/game/src/image_hero_head_128*128/4jaM0F19.png,https://camp.honorofkings.com/h5/app/index.html#/hero-detail?heroId=157,B,48.29%,0.94%,0.13%
140,Guan Yu,War Saint,Fighter,Clash Lane,https://camp.honorofkings.com/social/game/src/image_hero_head_128*128/V5e2k18Z.png,https://camp.honorofkings.com/h5/app/index.html#/hero-detail?heroId=140,C,47.87%,0.45%,0.19%
146,Luna,Moonblade,"Fighter, Mage",Jungling,https://camp.honorofkings.com/social/game/src/image_hero_head_128*128/hz3BqNue.png,https://camp.honorofkings.com/h5/app/index.html#/hero-detail?heroId=146,C,46.48%,0.51%,0.23%
584,Flowborn (Marksman),Steady Will,Marksman,Farm Lane,https://camp.honorofkings.com/camp/admin/hero/head_128-128/WuG07My1.jpeg,https://camp.honorofkings.com/h5/app/index.html#/hero-detail?heroId=584,B,49.83%,0.93%,0.09%
141,Diaochan,Lotusdancer,Mage,Mid Lane,https://camp.honorofkings.com/social/game/src/image_hero_head_128*128/qFBebEbk.png,https://camp.honorofkings.com/h5/app/index.html#/hero-detail?heroId=141,B,48.04%,0.66%,0.07%
142,Angela,Scorchette,Mage,Mid Lane,https://camp.honorofkings.com/social/game/src/image_hero_head_128*128/wjaExUFU.png,https://camp.honorofkings.com/h5/app/index.html#/hero-detail?heroId=142,S,51.48%,2.86%,1.26%
154,Mulan,Ironbloom,"Fighter, Assassin",Clash Lane,https://camp.honorofkings.com/social/game/src/image_hero_head_128*128/p4dfuWXS.png,https://camp.honorofkings.com/h5/app/index.html#/hero-detail?heroId=154,C,50.57%,0.46%,0.06%
149,Liu Bang,Dominant Ruler,"Tank, Mage",Clash Lane,https://camp.honorofkings.com/social/game/src/image_hero_head_128*128/bVHGeH45.png,https://camp.honorofkings.com/h5/app/index.html#/hero-detail?heroId=149,C,51.46%,0.30%,0.02%
533,Agudo,Wild Rider,Marksman,Jungling,https://camp.honorofkings.com/social/game/src/image_hero_head_128*128/TYN9rh81.png,https://camp.honorofkings.com/h5/app/index.html#/hero-detail?heroId=533,C,53.48%,0.52%,0.05%
152,Wang Zhaojun,Princess Frost,Mage,Mid Lane,https://camp.honorofkings.com/social/game/src/image_hero_head_128*128/lhZtGJlg.png,https://camp.honorofkings.com/h5/app/index.html#/hero-detail?heroId=152,A,51.11%,1.63%,0.74%
155,Erin,Laurel Princess,Marksman,Farm Lane,https://camp.honorofkings.com/social/game/src/image_hero_head_128*128/joVNQWhw.png,https://camp.honorofkings.com/h5/app/index.html#/hero-detail?heroId=155,A,50.94%,1.51%,0.14%
178,Yang Jian,Trilight,Fighter,Clash Lane,https://camp.honorofkings.com/social/game/src/image_hero_head_128*128/LntokS4z.png,https://camp.honorofkings.com/h5/app/index.html#/hero-detail?heroId=178,C,50.74%,0.33%,0.02%
173,Fang,Private Ear,Marksman,Farm Lane,https://camp.honorofkings.com/social/game/src/image_hero_head_128*128/6dGNjKTe.png,https://camp.honorofkings.com/h5/app/index.html#/hero-detail?heroId=173,B,49.63%,0.92%,0.04%
156,Liang,Tomemaster,Mage,Mid Lane,https://camp.honorofkings.com/social/game/src/image_hero_head_128*128/cNugkXGO.png,https://camp.honorofkings.com/h5/app/index.html#/hero-detail?heroId=156,S,51.06%,0.77%,3.84%
514,Allain,Forgotten Blade,Fighter,Clash Lane,https://camp.honorofkings.com/social/game/src/image_hero_head_128*128/Ek9OHopQ.png,https://camp.honorofkings.com/h5/app/index.html#/hero-detail?heroId=514,C,49.92%,0.60%,0.03%
163,Ukyo Tachibana,Swift Strike,"Assassin, Fighter",Jungling,https://camp.honorofkings.com/social/game/src/image_hero_head_128*128/8e9WRFgL.png,https://camp.honorofkings.com/h5/app/index.html#/hero-detail?heroId=163,C,49.73%,0.55%,0.04%
180,Nezha,Wild Spark,"Fighter, Tank",Clash Lane,https://camp.honorofkings.com/social/game/src/image_hero_head_128*128/WDh84DWg.png,https://camp.honorofkings.com/h5/app/index.html#/hero-detail?heroId=180,C,52.91%,0.46%,0.05%
167,Wukong,Monkey King,Assassin,Jungling,https://camp.honorofkings.com/social/game/src/image_hero_head_128*128/Go3mMeu4.png,https://camp.honorofkings.com/h5/app/index.html#/hero-detail?heroId=167,A,48.76%,1.43%,0.63%
168,Lapulapu,Reefheart Datu,"Support, Tank",Roaming,https://camp.honorofkings.com/camp/admin/default/AuWJ7G0J.png,https://camp.honorofkings.com/h5/app/index.html#/hero-detail?heroId=168,C,54.80%,0.34%,0.02%
171,Zhang Fei,The Beast,"Support, Tank",Roaming,https://camp.honorofkings.com/social/game/src/image_hero_head_128*128/w0QS7N1L.png,https://camp.honorofkings.com/h5/app/index.html#/hero-detail?heroId=171,B,49.80%,0.75%,0.35%
175,Kui,Voidcaller,"Support, Mage",Roaming,https://camp.honorofkings.com/social/game/src/image_hero_head_128*128/wRGzV266.png,https://camp.honorofkings.com/h5/app/index.html#/hero-detail?heroId=175,B,49.71%,0.87%,0.61%
176,Yuhuan,Tunecaster,Mage,Mid Lane,https://camp.honorofkings.com/social/game/src/image_hero_head_128*128/r97AVgaV.png,https://camp.honorofkings.com/h5/app/index.html#/hero-detail?heroId=176,C,50.56%,0.42%,0.02%
177,Chano,Packleader,Marksman,Farm Lane,https://camp.honorofkings.com/camp/admin/default/sJURXorM.png,https://camp.honorofkings.com/h5/app/index.html#/hero-detail?heroId=177,B,51.40%,1.09%,0.12%
503,Biron,Sparkmace,"Fighter, Tank",Clash Lane,https://camp.honorofkings.com/social/game/src/image_hero_head_128*128/F3A0JkoT.png,https://camp.honorofkings.com/h5/app/index.html#/hero-detail?heroId=503,B,48.05%,0.61%,0.16%
179,Nuwa,Celestial,Mage,Mid Lane,https://camp.honorofkings.com/social/game/src/image_hero_head_128*128/E39kxNsD.png,https://camp.honorofkings.com/h5/app/index.html#/hero-detail?heroId=179,A,53.81%,1.04%,0.57%
182,Gan & Mo,Smith and Blade,Mage,Mid Lane,https://camp.honorofkings.com/social/game/src/image_hero_head_128*128/ui5UKQex.png,https://camp.honorofkings.com/h5/app/index.html#/hero-detail?heroId=182,C,49.76%,0.41%,0.07%
183,Athena,Sacred Warrior,"Fighter, Assassin",Jungling,https://camp.honorofkings.com/social/game/src/image_hero_head_128*128/BEh6QC3Q.png,https://camp.honorofkings.com/h5/app/index.html#/hero-detail?heroId=183,C,53.36%,0.07%,0.00%
193,Kaizer,Demonplate,"Fighter, Tank",Clash Lane,https://camp.honorofkings.com/social/game/src/image_hero_head_128*128/xUdtJiLO.png,https://camp.honorofkings.com/h5/app/index.html#/hero-detail?heroId=193,A,50.33%,1.28%,0.13%
184,Cai Yan,Healing Tone,Support,Roaming,https://camp.honorofkings.com/social/game/src/image_hero_head_128*128/kQXkW7ab.png,https://camp.honorofkings.com/h5/app/index.html#/hero-detail?heroId=184,S,51.31%,1.18%,2.12%
198,Menki,Dream Spirit,"Fighter, Mage",Jungling,https://camp.honorofkings.com/social/game/src/image_hero_head_128*128/Ym7KcrIW.png,https://camp.honorofkings.com/h5/app/index.html#/hero-detail?heroId=198,C,53.71%,0.20%,0.02%
187,Donghuang,Harbinger,"Support, Tank",Roaming,https://camp.honorofkings.com/social/game/src/image_hero_head_128*128/PRcq49iS.png,https://camp.honorofkings.com/h5/app/index.html#/hero-detail?heroId=187,A,48.56%,0.73%,2.54%
189,Guiguzi,Animist,Support,Roaming,https://camp.honorofkings.com/social/game/src/image_hero_head_128*128/AXjJlMvi.png,https://camp.honorofkings.com/h5/app/index.html#/hero-detail?heroId=189,C,50.38%,0.21%,0.18%
195,Xuance,Madlash,Assassin,Jungling,https://camp.honorofkings.com/social/game/src/image_hero_head_128*128/keW8Hfo0.png,https://camp.honorofkings.com/h5/app/index.html#/hero-detail?heroId=195,B,52.73%,0.76%,0.60%
190,Kongming,Mastermind,Mage,Mid Lane,https://camp.honorofkings.com/social/game/src/image_hero_head_128*128/XDnXeq3x.png,https://camp.honorofkings.com/h5/app/index.html#/hero-detail?heroId=190,A,51.74%,1.45%,0.47%
191,Da Qiao,Lanternlight,"Support, Mage",Roaming,https://camp.honorofkings.com/social/game/src/image_hero_head_128*128/IEPtzR5z.png,https://camp.honorofkings.com/h5/app/index.html#/hero-detail?heroId=191,A,49.89%,1.09%,0.70%
192,Huang Zhong,Artillerist,Marksman,Farm Lane,https://camp.honorofkings.com/social/game/src/image_hero_head_128*128/LNECT7PW.png,https://camp.honorofkings.com/h5/app/index.html#/hero-detail?heroId=192,C,50.75%,0.41%,0.02%
196,Shouyue,Longshot,"Marksman, Assassin",Farm Lane,https://camp.honorofkings.com/social/game/src/image_hero_head_128*128/4bUKKH66.png,https://camp.honorofkings.com/h5/app/index.html#/hero-detail?heroId=196,B,49.97%,0.98%,0.12%
640,Annette,Diviner,"Support, Mage",Roaming,https://camp.honorofkings.com/camp/admin/hero/head_128-128/49o0xBua.png,https://camp.honorofkings.com/h5/app/index.html#/hero-detail?heroId=640,C,49.71%,0.37%,0.09%
197,Yixing,Boardmaster,Mage,Mid Lane,https://camp.honorofkings.com/social/game/src/image_hero_head_128*128/RLA5jvBk.png,https://camp.honorofkings.com/h5/app/index.html#/hero-detail?heroId=197,B,51.23%,0.79%,0.04%
199,Arli,Parasola,Marksman,Farm Lane,https://camp.honorofkings.com/social/game/src/image_hero_head_128*128/hF8AFVqh.png,https://camp.honorofkings.com/h5/app/index.html#/hero-detail?heroId=199,B,46.55%,0.67%,0.21%
534,Sakeer,Brushstrider,"Support, Mage",Roaming,https://camp.honorofkings.com/social/game/src/image_hero_head_128*128/ionwVFtV.png,https://camp.honorofkings.com/h5/app/index.html#/hero-detail?heroId=534,C,52.44%,0.44%,0.02%
501,Ming,Star Teller,Support,Roaming,https://camp.honorofkings.com/social/game/src/image_hero_head_128*128/ubeT1R84.png,https://camp.honorofkings.com/h5/app/index.html#/hero-detail?heroId=501,C,50.10%,0.49%,0.03%
502,Pei,Tigerous,Assassin,Jungling,https://camp.honorofkings.com/social/game/src/image_hero_head_128*128/XlRczGYM.png,https://camp.honorofkings.com/h5/app/index.html#/hero-detail?heroId=502,C,50.28%,0.29%,0.07%
504,Milady,Mechaboss,Mage,Mid Lane,https://camp.honorofkings.com/social/game/src/image_hero_head_128*128/orlOit3f.png,https://camp.honorofkings.com/h5/app/index.html#/hero-detail?heroId=504,S,47.68%,1.53%,1.75%
505,Yaria,Deerie,Support,Roaming,https://camp.honorofkings.com/social/game/src/image_hero_head_128*128/uHnzeJbu.png,https://camp.honorofkings.com/h5/app/index.html#/hero-detail?heroId=505,A,49.25%,1.15%,1.71%
506,Cirrus,Razorwing,Assassin,Jungling,https://camp.honorofkings.com/social/game/src/image_hero_head_128*128/bwygx1aS.png,https://camp.honorofkings.com/h5/app/index.html#/hero-detail?heroId=506,C,51.61%,0.20%,0.01%
507,Li Xin,Vengeance,Fighter,Clash Lane,https://camp.honorofkings.com/social/game/src/image_hero_head_128*128/mWSBbpVr.png,https://camp.honorofkings.com/h5/app/index.html#/hero-detail?heroId=507,S,51.34%,1.99%,2.53%
508,Garo,Piercing Arrow,Marksman,Farm Lane,https://camp.honorofkings.com/social/game/src/image_hero_head_128*128/g0jHNDf6.png,https://camp.honorofkings.com/h5/app/index.html#/hero-detail?heroId=508,A,53.55%,1.55%,0.46%
510,Sun Ce,Seafarer,"Fighter, Tank",Clash Lane,https://camp.honorofkings.com/social/game/src/image_hero_head_128*128/Te1nmDGP.png,https://camp.honorofkings.com/h5/app/index.html#/hero-detail?heroId=510,B,48.84%,0.88%,0.04%
513,Shangguan,Calligrapher,"Mage, Assassin",Mid Lane,https://camp.honorofkings.com/social/game/src/image_hero_head_128*128/zyA68GFr.png,https://camp.honorofkings.com/h5/app/index.html#/hero-detail?heroId=513,C,48.40%,0.44%,0.04%
646,Butterfly,Death's Whisper,Fighter,Jungling,https://camp.honorofkings.com/camp/admin/hero/head_128-128/FPq2P4ew.png,https://camp.honorofkings.com/h5/app/index.html#/hero-detail?heroId=646,C,51.24%,0.51%,0.08%
521,Haya,Evernight Aspiration,Mage,Mid Lane,https://camp.honorofkings.com/social/game/src/image_hero_head_128*128/iIdXNhQ5.png,https://camp.honorofkings.com/h5/app/index.html#/hero-detail?heroId=521,S,48.44%,0.98%,2.48%
523,Shi,Silkweaver,Mage,Mid Lane,https://camp.honorofkings.com/social/game/src/image_hero_head_128*128/MjBadKpJ.png,https://camp.honorofkings.com/h5/app/index.html#/hero-detail?heroId=523,B,51.08%,0.73%,0.48%
524,Meng Ya,Loose Cannon,Marksman,Farm Lane,https://camp.honorofkings.com/social/game/src/image_hero_head_128*128/vhBTA9jh.png,https://camp.honorofkings.com/h5/app/index.html#/hero-detail?heroId=524,C,51.80%,0.32%,0.01%
528,Lam,Stealthfin,"Assassin, Fighter",Jungling,https://camp.honorofkings.com/social/game/src/image_hero_head_128*128/02i6M2YK.png,https://camp.honorofkings.com/h5/app/index.html#/hero-detail?heroId=528,A,48.33%,1.07%,1.10%
531,Jing,Broken Mirage,Assassin,Jungling,https://camp.honorofkings.com/social/game/src/image_hero_head_128*128/HVRw4cpB.png,https://camp.honorofkings.com/h5/app/index.html#/hero-detail?heroId=531,C,45.20%,0.33%,0.15%
536,Charlotte,Rose Fencer,Fighter,Clash Lane,https://camp.honorofkings.com/social/game/src/image_hero_head_128*128/iIwO0Kwk.png,https://camp.honorofkings.com/h5/app/index.html#/hero-detail?heroId=536,B,49.27%,0.79%,0.05%
537,Devara,Thunderous Deep,"Fighter, Mage",Clash Lane,https://camp.honorofkings.com/camp/admin/default/MagzAk8i.png,https://camp.honorofkings.com/h5/app/index.html#/hero-detail?heroId=537,B,48.84%,1.01%,0.28%
538,Ying,Firespear,"Fighter, Assassin",Jungling,https://camp.honorofkings.com/social/game/src/image_hero_head_128*128/diRuUQDV.png,https://camp.honorofkings.com/h5/app/index.html#/hero-detail?heroId=538,C,50.88%,0.57%,0.05%
542,Feyd,Featherfoot,Assassin,Jungling,https://camp.honorofkings.com/social/game/src/image_hero_head_128*128/m8aOqFQE.png,https://camp.honorofkings.com/h5/app/index.html#/hero-detail?heroId=542,B,53.78%,0.50%,0.34%
545,Alessio,Red Hawk,Marksman,Farm Lane,https://camp.honorofkings.com/social/game/src/image_hero_head_128*128/nnafEHV0.png,https://camp.honorofkings.com/h5/app/index.html#/hero-detail?heroId=545,B,52.12%,0.83%,0.02%
556,Ata,White Anchor,Tank,Clash Lane,https://camp.honorofkings.com/social/game/src/image_hero_head_128*128/eafz1moy.png,https://camp.honorofkings.com/h5/app/index.html#/hero-detail?heroId=556,C,53.07%,0.50%,0.05%
172,Chicha,Forge Maiden,Fighter,Clash Lane,https://camp.honorofkings.com/camp/admin/hero/head_128-128/lkU98jAV.png,https://camp.honorofkings.com/h5/app/index.html#/hero-detail?heroId=172,A,51.42%,1.42%,0.35%
564,Mayene,Martial Genius,Fighter,Clash Lane,https://camp.honorofkings.com/social/game/src/image_hero_head_128*128/FsGXCnH1.png,https://camp.honorofkings.com/h5/app/index.html#/hero-detail?heroId=564,C,47.00%,0.33%,0.04%
631,Florentino,Gentle Blade,Fighter,Clash Lane,https://camp.honorofkings.com/camp/admin/hero/head_128-128/skJXGWLF.png,https://camp.honorofkings.com/h5/app/index.html#/hero-detail?heroId=631,A,50.94%,0.52%,1.56%
635,Lorion,Nightmare Incarnate,Mage,Mid Lane,https://camp.honorofkings.com/camp/admin/hero/head_128-128/UDiFFfId.png,https://camp.honorofkings.com/h5/app/index.html#/hero-detail?heroId=635,C,50.66%,0.40%,0.15%
159,Dolia,Seasinger,Support,Roaming,https://camp.honorofkings.com/camp/admin/hero/head_128-128/tfvb3IJf.png,https://camp.honorofkings.com/h5/app/index.html#/hero-detail?heroId=159,S,47.35%,1.87%,0.77%
563,Heino,Fateturner,"Mage, Fighter",Mid Lane,https://camp.honorofkings.com/camp/admin/hero/head_128-128/YO6iwLAg.jpg,https://camp.honorofkings.com/h5/app/index.html#/hero-detail?heroId=563,B,48.21%,0.69%,0.12%
547,Luara,Firesnake,Marksman,Farm Lane,https://camp.honorofkings.com/camp/admin/hero/head_128-128/znRnu3kt.png,https://camp.honorofkings.com/h5/app/index.html#/hero-detail?heroId=547,A,52.70%,1.44%,0.31%
519,Ao'yin,Loong,Marksman,Farm Lane,https://camp.honorofkings.com/camp/admin/hero/head_128-128/OzH2TSZN.jpg,https://camp.honorofkings.com/h5/app/index.html#/hero-detail?heroId=519,S,49.56%,1.61%,2.94%
577,Dyadia,Bondweaver,"Support, Mage",Roaming,https://camp.honorofkings.com/camp/admin/hero/head_128-128/Qdvu6qgO.png,https://camp.honorofkings.com/h5/app/index.html#/hero-detail?heroId=577,A,49.47%,1.08%,1.39%
582,Flowborn (Mage),Arcane Heart,Mage,Mid Lane,https://camp.honorofkings.com/camp/admin/hero/head_128-128/66xErXNs.jpeg,https://camp.honorofkings.com/h5/app/index.html#/hero-detail?heroId=582,C,48.27%,0.56%,0.08%
583,Flowborn (Assassin),,Assassin,Jungling,https://camp.honorofkings.com/camp/admin/default/rlKkeGUd.png,https://camp.honorofkings.com/h5/app/index.html#/hero-detail?heroId=583,A,48.28%,1.32%,0.95%
585,Flowborn (Roamer),,"Support, Mage",Roaming,https://camp.honorofkings.com/camp/admin/default/umejTpUh.png,https://camp.honorofkings.com/h5/app/index.html#/hero-detail?heroId=585,B,48.70%,0.88%,0.48%
